directory,template,time0,time1,time2,time3,time4,avg_time,std_dev,key,generalization_nodes,generalization_edges,generalization_node_variables,generalization_edge_variables,g1_nodes,g1_edges,g2_nodes,g2_edges
java.io.BufferedReader,Template1,875,643,652,649,649,693.6,90.74712116645905,java.io.BufferedReader-Template1,242,241,0,0,242,241,242,241
java.io.BufferedReader,Template2,705,682,669,689,744,697.8,25.85652722234755,java.io.BufferedReader-Template2,139,124,31,59,227,226,295,294
java.io.BufferedReader,Template3,679,706,729,665,671,690.0,24.01666088364492,java.io.BufferedReader-Template3,294,293,1,1,295,294,295,294
java.io.BufferedReader,Template4,665,696,659,669,704,678.6,17.939899665271263,java.io.BufferedReader-Template4,239,238,1,1,240,239,240,239
java.io.File,Template10,804,823,1211,1123,789,950.0,179.67526262677342,java.io.File-Template10,521,507,3,29,530,529,530,529
java.io.File,Template11,642,964,684,637,613,708.0,130.02615121582272,java.io.File-Template11,78,77,0,0,78,77,78,77
java.io.File,Template12,733,683,637,654,672,675.8,32.61533381708671,java.io.File-Template12,240,239,0,0,240,239,240,239
java.io.File,Template13,666,670,648,659,669,662.4,8.16333265278342,java.io.File-Template13,56,55,4,4,60,59,60,59
java.io.File,Template14,666,629,638,640,632,641.0,13.114877048604,java.io.File-Template14,110,109,2,2,113,112,111,110
java.io.File,Template15,626,615,617,746,860,692.8,97.00185565235337,java.io.File-Template15,98,97,0,0,98,97,98,97
java.io.File,Template16,1029,818,746,848,901,868.4,94.650092445808,java.io.File-Template16,306,301,7,15,349,348,311,310
java.io.File,Template17,698,705,698,904,853,771.6,88.79774771918487,java.io.File-Template17,75,74,0,0,75,74,75,74
java.io.File,Template18,813,721,748,760,714,751.2,35.221584291454015,java.io.File-Template18,513,512,0,0,513,512,513,512
java.io.File,Template1,695,830,688,695,772,736.0,56.21031933728895,java.io.File-Template1,144,142,5,7,158,157,179,178
java.io.File,Template2,789,793,762,694,784,764.4,36.79456481601596,java.io.File-Template2,400,399,0,0,400,399,400,399
java.io.File,Template3,789,629,640,702,774,706.8,66.04665018000534,java.io.File-Template3,127,126,0,0,127,126,127,126
java.io.File,Template4,848,845,767,635,635,746.0,95.1714242827121,java.io.File-Template4,51,50,2,2,53,52,53,52
java.io.File,Template5,646,630,674,651,636,647.4,15.2,java.io.File-Template5,152,150,5,7,158,157,187,186
java.io.File,Template6,713,772,732,725,684,725.2,28.57551399362748,java.io.File-Template6,339,338,0,0,339,338,339,338
java.io.File,Template7,682,649,710,665,642,669.6,24.46712079505883,java.io.File-Template7,193,189,0,6,193,192,193,192
java.io.File,Template8,707,647,671,647,684,671.2,22.877062748526086,java.io.File-Template8,196,195,0,0,196,195,196,195
java.io.File,Template9,646,618,625,609,621,623.8,12.286578042726134,java.io.File-Template9,51,50,2,2,53,52,53,52
java.io.InputStreamReader,Template1,696,626,634,647,639,648.4,24.759644585494357,java.io.InputStreamReader-Template1,42,39,12,16,80,79,130,129
java.io.InputStreamReader,Template2,763,789,762,797,871,796.4,39.797487357872235,java.io.InputStreamReader-Template2,345,328,30,62,596,595,495,494
java.io.InputStreamReader,Template3,789,737,724,702,705,731.4,31.512537187602017,java.io.InputStreamReader-Template3,465,455,13,31,484,483,514,513
java.io.InputStreamReader,Template4,742,706,734,743,690,723.0,21.2602916254693,java.io.InputStreamReader-Template4,128,108,25,62,169,168,233,232
java.io.InputStream,Template1,646,750,765,847,943,790.2,99.6180706498575,java.io.InputStream-Template1,82,81,1,1,84,83,82,81
java.io.InputStream,Template2,836,775,1001,1022,920,910.8,94.46988938280812,java.io.InputStream-Template2,117,100,30,60,169,168,424,423
java.io.IOException,Template10,866,1034,761,735,788,836.8,107.9173758020459,java.io.IOException-Template10,117,116,4,4,122,121,126,125
java.io.IOException,Template11,775,832,814,843,808,814.4,23.328951969602063,java.io.IOException-Template11,321,318,9,13,338,337,416,415
java.io.IOException,Template12,777,816,774,825,788,796.0,20.73644135332772,java.io.IOException-Template12,507,506,0,0,507,506,507,506
java.io.IOException,Template1,727,728,728,741,838,752.4,43.11194730002346,java.io.IOException-Template1,71,69,5,7,89,88,151,150
java.io.IOException,Template2,693,686,674,709,671,686.6,13.749181793837769,java.io.IOException-Template2,86,85,0,0,86,85,86,85
java.io.IOException,Template3,740,668,737,773,693,722.2,37.16665171898055,java.io.IOException-Template3,198,189,16,32,234,233,217,216
java.io.IOException,Template4,772,686,713,739,784,738.8,36.328501207729445,java.io.IOException-Template4,339,338,0,0,339,338,339,338
java.io.IOException,Template5,744,687,666,748,660,701.0,37.841775856849004,java.io.IOException-Template5,130,129,4,4,155,154,134,133
java.io.IOException,Template6,731,851,733,711,708,746.8,53.07504121524542,java.io.IOException-Template6,266,265,0,0,266,265,266,265
java.io.IOException,Template7,678,710,699,674,765,705.2,32.71330004753418,java.io.IOException-Template7,250,249,5,5,257,256,257,256
java.io.IOException,Template8,738,769,819,940,852,823.6,70.26407332342752,java.io.IOException-Template8,241,240,0,0,241,240,241,240
java.io.IOException,Template9,840,853,791,839,852,835.0,22.759613353482084,java.io.IOException-Template9,200,198,5,7,293,292,213,212
java.io.OutputStreamWriter,Template1,740,723,757,719,768,741.4,18.937792902025304,java.io.OutputStreamWriter-Template1,74,73,0,0,74,73,74,73
java.io.OutputStreamWriter,Template2,756,892,899,753,779,815.8,65.73096682690739,java.io.OutputStreamWriter-Template2,106,105,2,2,108,107,108,107
java.io.PrintStream,Template1,831,903,828,844,696,820.4,67.86044503243403,java.io.PrintStream-Template1,274,272,1,3,289,288,274,273
java.io.PrintStream,Template2,852,852,786,831,721,808.4,49.90631222601005,java.io.PrintStream-Template2,260,258,4,6,261,260,293,292
java.io.PrintWriter,Template1,657,749,698,727,702,706.6,30.884300218719538,java.io.PrintWriter-Template1,106,105,2,2,108,107,108,107
java.io.PrintWriter,Template2,627,631,687,729,727,680.2,44.42701880612743,java.io.PrintWriter-Template2,74,73,0,0,74,73,74,73
java.io.PrintWriter,Template3,918,966,1026,941,843,938.8,59.931293995708124,java.io.PrintWriter-Template3,545,544,0,0,545,544,545,544
java.lang.Exception,Template1,822,804,805,758,776,793.0,22.891046284519195,java.lang.Exception-Template1,206,202,9,13,279,278,398,397
java.lang.Exception,Template2,755,773,782,775,715,760.0,24.19917353960668,java.lang.Exception-Template2,155,154,1,1,156,155,156,155
java.lang.Exception,Template3,805,788,763,807,772,787.0,17.469974241537965,java.lang.Exception-Template3,274,258,6,36,301,300,350,349
java.lang.Exception,Template4,767,702,757,748,771,749.0,24.827404213892358,java.lang.Exception-Template4,123,119,10,16,182,181,134,133
java.lang.Exception,Template5,766,750,746,770,722,750.8,17.045820602130014,java.lang.Exception-Template5,174,173,3,3,187,186,179,178
java.lang.Exception,Template6,861,861,832,818,783,831.0,29.23696290656743,java.lang.Exception-Template6,94,93,1,1,96,95,94,93
java.lang.Exception,Template7,719,799,856,917,723,802.8,76.52032409758861,java.lang.Exception-Template7,111,110,0,0,111,110,111,110
java.net.HttpURLConnection,Template10,801,730,720,846,911,801.6,71.72893418976751,java.net.HttpURLConnection-Template10,368,367,1,1,369,368,369,368
java.net.HttpURLConnection,Template11,833,813,930,906,759,848.2,62.38397230058375,java.net.HttpURLConnection-Template11,294,293,1,1,295,294,295,294
java.net.HttpURLConnection,Template1,869,758,855,818,814,822.8,38.65436585949898,java.net.HttpURLConnection-Template1,383,380,6,10,393,392,457,456
java.net.HttpURLConnection,Template2,761,772,837,911,788,813.8,55.11224909219365,java.net.HttpURLConnection-Template2,82,75,16,28,183,182,97,96
java.net.HttpURLConnection,Template3,897,820,896,795,818,845.2,42.799065410356796,java.net.HttpURLConnection-Template3,291,290,4,4,295,294,295,294
java.net.HttpURLConnection,Template4,784,833,878,823,968,857.2,62.964752044298564,java.net.HttpURLConnection-Template4,134,133,3,3,137,136,137,136
java.net.HttpURLConnection,Template5,889,818,811,865,851,846.8,29.123186638827836,java.net.HttpURLConnection-Template5,407,406,0,0,407,406,407,406
java.net.HttpURLConnection,Template6,887,864,986,954,866,911.4,49.56450342735212,java.net.HttpURLConnection-Template6,256,250,13,23,341,340,287,286
java.net.HttpURLConnection,Template7,752,763,908,867,871,832.2,62.74201144368899,java.net.HttpURLConnection-Template7,294,293,1,1,295,294,295,294
java.net.HttpURLConnection,Template8,752,748,831,802,826,791.8,35.53252031590216,java.net.HttpURLConnection-Template8,239,238,1,1,240,239,240,239
java.net.HttpURLConnection,Template9,939,874,809,706,755,816.6,82.89897466193415,java.net.HttpURLConnection-Template9,294,293,1,1,295,294,295,294
java.net.URI,Template1,706,758,740,726,781,742.2,25.81782330096788,java.net.URI-Template1,435,434,0,0,435,434,435,434
java.net.URI,Template2,774,735,742,656,675,716.4,44.0027271882096,java.net.URI-Template2,150,149,1,1,151,150,151,150
java.net.URI,Template3,798,723,756,761,711,749.8,30.694624936623672,java.net.URI-Template3,414,409,16,24,432,431,475,474
java.net.URI,Template4,720,703,663,798,890,754.8,80.58138742910796,java.net.URI-Template4,134,133,6,6,153,152,142,141
java.net.URI,Template5,805,817,839,807,738,801.2,33.82543421746423,java.net.URI-Template5,99,92,12,21,123,122,164,163
java.net.URI,Template6,749,642,721,778,848,747.6,67.62425600330106,java.net.URI-Template6,26,23,7,9,67,66,142,141
java.net.URL,Template1,794,813,719,972,691,797.8,98.19042723198632,java.net.URL-Template1,80,79,1,1,81,80,81,80
java.net.URL,Template2,793,773,675,709,769,743.8,44.390990076816266,java.net.URL-Template2,137,135,1,3,141,140,137,136
java.net.URL,Template3,677,731,703,755,702,713.6,26.84473877690003,java.net.URL-Template3,57,56,2,2,81,80,59,58
java.net.URL,Template4,782,705,714,751,722,734.8,28.19503502391866,java.net.URL-Template4,47,44,8,12,81,80,93,92
java.sql.SQLException,Template1,699,732,693,692,722,707.6,16.329115101560156,java.sql.SQLException-Template1,143,142,0,0,143,142,143,142
java.sql.SQLException,Template2,690,793,824,696,715,743.6,54.51825382383409,java.sql.SQLException-Template2,134,133,3,3,137,136,137,136
java.sql.SQLException,Template3,816,881,828,782,925,846.4,50.56718303405876,java.sql.SQLException-Template3,101,97,7,11,130,129,137,136
java.sql.Statement,Template1,780,719,782,862,797,788.0,45.6464675522652,java.sql.Statement-Template1,280,279,0,0,280,279,280,279
java.sql.Statement,Template2,800,848,775,927,882,846.4,54.803649513513236,java.sql.Statement-Template2,143,142,0,0,143,142,143,142
java.sql.Statement,Template3,749,696,787,712,775,743.8,35.10783388362204,java.sql.Statement-Template3,174,173,0,0,174,173,174,173
java.sql.Statement,Template4,948,786,781,696,761,794.4,83.23604988224753,java.sql.Statement-Template4,147,143,5,11,191,190,147,146
java.util.Arrays,Template1,742,699,740,774,682,727.4,32.897416311923344,java.util.Arrays-Template1,776,743,5,68,814,813,805,804
java.util.Arrays,Template2,703,778,967,811,700,791.8,97.53645472334946,java.util.Arrays-Template2,38,35,7,11,51,50,52,51
java.util.Arrays,Template3,780,717,733,729,722,736.2,22.5867217630182,java.util.Arrays-Template3,60,56,7,12,108,107,68,67
java.util.Arrays,Template4,679,779,735,713,746,730.4,33.380233672040106,java.util.Arrays-Template4,197,196,0,0,197,196,197,196
java.util.Arrays,Template5,680,749,746,631,648,690.8,48.905623398541806,java.util.Arrays-Template5,79,68,9,29,115,114,79,78
java.util.Arrays,Template6,719,690,777,713,733,726.4,28.855502074994295,java.util.Arrays-Template6,80,79,3,3,83,82,83,82
java.util.Arrays,Template7,752,713,768,727,727,737.4,19.80504986108341,java.util.Arrays-Template7,80,79,3,3,83,82,83,82
java.util.Collections,Template10,763,710,779,897,725,774.8,65.98302812087363,java.util.Collections-Template10,36,32,5,9,85,84,45,44
java.util.Collections,Template11,731,665,748,738,733,723.0,29.59053902854762,java.util.Collections-Template11,37,36,4,4,49,48,54,53
java.util.Collections,Template1,822,780,709,867,925,820.6,73.6983039153548,java.util.Collections-Template1,422,418,2,8,425,424,425,424
java.util.Collections,Template2,860,798,710,678,681,745.4,71.89325420371512,java.util.Collections-Template2,35,34,6,6,46,45,41,40
java.util.Collections,Template3,799,755,845,844,687,786.0,59.62549790148506,java.util.Collections-Template3,222,220,6,8,283,282,232,231
java.util.Collections,Template4,854,1016,810,804,733,843.4,94.61416384453229,java.util.Collections-Template4,63,60,16,20,183,182,98,97
java.util.Collections,Template5,666,752,647,750,805,724.0,58.8455605802171,java.util.Collections-Template5,84,83,1,1,85,84,85,84
java.util.Collections,Template6,746,729,634,709,742,712.0,41.08040895609487,java.util.Collections-Template6,30,29,6,6,43,42,36,35
java.util.Collections,Template7,697,836,855,988,801,835.4,93.81812191682373,java.util.Collections-Template7,128,115,28,50,222,221,219,218
java.util.Collections,Template8,871,812,831,796,757,813.4,37.71790025969102,java.util.Collections-Template8,269,266,5,9,271,270,409,408
java.util.Collections,Template9,735,702,693,740,707,715.4,18.661189672687,java.util.Collections-Template9,52,49,19,23,97,96,140,139
java.util.Collection,Template10,695,726,731,741,805,739.6,36.13087322498586,java.util.Collection-Template10,98,97,0,0,98,97,98,97
java.util.Collection,Template11,713,735,745,711,751,731.0,16.34625339336204,java.util.Collection-Template11,60,58,13,15,220,219,72,71
java.util.Collection,Template1,790,721,733,682,757,736.6,36.06993207645393,java.util.Collection-Template1,40,38,11,12,56,55,104,103
java.util.Collection,Template2,823,727,819,874,804,809.4,47.47462480104503,java.util.Collection-Template2,303,299,7,13,344,343,325,324
java.util.Collection,Template3,747,779,833,734,800,778.6,35.79161913074065,java.util.Collection-Template3,382,381,0,0,382,381,382,381
java.util.Collection,Template4,719,679,714,749,670,706.2,28.659378918601845,java.util.Collection-Template4,319,313,0,10,319,318,319,318
java.util.Collection,Template5,773,706,706,764,707,731.2,30.590194507390763,java.util.Collection-Template5,264,263,0,0,264,263,264,263
java.util.Collection,Template6,711,711,701,741,698,712.4,15.226293048539423,java.util.Collection-Template6,302,301,0,0,302,301,302,301
java.util.Collection,Template8,689,744,687,675,750,709.0,31.45155004129367,java.util.Collection-Template8,310,309,0,0,310,309,310,309
java.util.Collection,Template9,640,635,727,686,624,662.4,38.6191662261111,java.util.Collection-Template9,167,160,2,14,171,170,171,170
java.util.Date,Template1,733,658,688,661,633,674.6,34.00352922859626,java.util.Date-Template1,34,31,9,13,46,45,57,56
java.util.Date,Template2,663,733,652,664,671,676.6,28.848570155208733,java.util.Date-Template2,59,52,19,31,102,101,104,103
java.util.HashMap,Template10,669,637,660,659,683,661.6,15.014659503298766,java.util.HashMap-Template10,109,108,0,0,109,108,109,108
java.util.HashMap,Template11,684,753,744,682,672,707.0,34.246167668806386,java.util.HashMap-Template11,324,323,0,0,324,323,324,323
java.util.HashMap,Template12,662,635,670,672,728,673.4,30.328864139627782,java.util.HashMap-Template12,68,64,13,18,140,139,121,120
java.util.HashMap,Template13,682,662,645,670,710,673.8,21.729242968865712,java.util.HashMap-Template13,198,197,4,4,204,203,204,203
java.util.HashMap,Template14,634,662,649,638,644,645.4,9.748846085563152,java.util.HashMap-Template14,239,238,1,1,239,238,243,242
java.util.HashMap,Template15,639,632,639,682,633,645.0,18.72965562950905,java.util.HashMap-Template15,144,143,0,0,144,143,144,143
java.util.HashMap,Template16,660,653,648,656,637,650.8,7.934733769950949,java.util.HashMap-Template16,172,171,0,0,172,171,172,171
java.util.HashMap,Template17,671,664,654,664,657,662.0,5.966573556070519,java.util.HashMap-Template17,67,63,19,25,121,120,108,107
java.util.HashMap,Template18,681,670,641,691,726,681.8,27.72291470967654,java.util.HashMap-Template18,59,57,8,10,85,84,130,129
java.util.HashMap,Template1,678,713,667,690,686,686.8,15.276125163142646,java.util.HashMap-Template1,222,219,4,6,230,229,242,241
java.util.HashMap,Template2,710,707,648,663,712,688.0,27.003703449712226,java.util.HashMap-Template2,161,160,2,2,164,163,164,163
java.util.HashMap,Template3,638,627,636,646,697,648.8,24.846730167166868,java.util.HashMap-Template3,112,111,20,20,133,132,247,246
java.util.HashMap,Template4,670,653,679,681,683,673.2,11.034491379306976,java.util.HashMap-Template4,374,372,6,8,435,434,384,383
java.util.HashMap,Template5,647,739,642,642,654,664.8,37.35987152012169,java.util.HashMap-Template5,182,181,2,2,184,183,184,183
java.util.HashMap,Template6,742,724,701,682,715,712.8,20.350921355064,java.util.HashMap-Template6,126,125,4,4,130,129,130,129
java.util.HashMap,Template7,687,670,693,670,669,677.8,10.146920715172657,java.util.HashMap-Template7,304,303,0,0,304,303,304,303
java.util.HashMap,Template8,649,633,638,692,701,662.6,28.30265005260108,java.util.HashMap-Template8,198,197,0,0,198,197,198,197
java.util.HashMap,Template9,655,674,698,644,661,666.4,18.5321342537766,java.util.HashMap-Template9,195,194,6,6,204,203,204,203
java.util.HashSet,Template1,727,810,689,707,697,726.0,43.88165903882851,java.util.HashSet-Template1,382,381,0,0,382,381,382,381
java.util.HashSet,Template2,696,643,619,615,664,647.4,30.043967780571194,java.util.HashSet-Template2,81,80,0,0,81,80,81,80
java.util.HashSet,Template3,681,691,683,687,685,685.4,3.4409301068170506,java.util.HashSet-Template3,264,263,0,0,264,263,264,263
java.util.HashSet,Template4,694,660,635,648,696,666.6,24.507957891264628,java.util.HashSet-Template4,138,137,0,0,138,137,138,137
java.util.HashSet,Template5,656,655,707,662,633,662.6,24.286621831782206,java.util.HashSet-Template5,222,211,8,28,234,233,228,227
java.util.Iterator,Template1,662,664,704,678,798,701.2,50.66912274748794,java.util.Iterator-Template1,145,143,19,21,162,161,208,207
java.util.Iterator,Template2,681,751,685,639,739,699.0,41.04631530356897,java.util.Iterator-Template2,158,149,4,20,164,163,162,161
java.util.Iterator,Template3,687,709,802,707,777,736.4,44.73745634253248,java.util.Iterator-Template3,187,186,0,0,187,186,187,186
java.util.Iterator,Template4,690,689,796,697,683,711.0,42.731721238442994,java.util.Iterator-Template4,170,166,3,9,226,225,179,178
java.util.Iterator,Template5,749,766,934,1179,798,885.2,160.662876857101,java.util.Iterator-Template5,79,69,26,43,251,250,141,140
java.util.Iterator,Template6,780,807,684,717,713,740.2,45.78820808898291,java.util.Iterator-Template6,82,80,12,14,95,94,134,133
java.util.Iterator,Template7,638,677,709,686,635,669.0,28.53068523537421,java.util.Iterator-Template7,83,79,6,9,95,94,108,107
java.util.Map,Template10,726,741,731,797,729,744.8,26.58119636133784,java.util.Map-Template10,246,245,0,0,246,245,246,245
java.util.Map,Template11,813,804,750,739,710,763.2,39.331412382471086,java.util.Map-Template11,196,195,0,0,196,195,196,195
java.util.Map,Template12,731,785,919,827,748,802.0,67.17142249498666,java.util.Map-Template12,43,35,17,30,203,202,105,104
java.util.Map,Template13,734,927,826,841,712,808.0,77.80231359027827,java.util.Map-Template13,126,125,4,4,130,129,130,129
java.util.Map,Template14,696,780,688,678,786,725.6,47.25082009870305,java.util.Map-Template14,71,69,14,16,116,115,125,124
java.util.Map,Template15,786,892,866,894,844,856.4,39.70692634793079,java.util.Map-Template15,112,111,20,20,133,132,247,246
java.util.Map,Template16,719,724,775,657,755,726.0,40.13975585376672,java.util.Map-Template16,71,70,5,5,76,75,76,75
java.util.Map,Template17,722,768,795,757,805,769.4,29.411562352245078,java.util.Map-Template17,337,336,0,0,337,336,337,336
java.util.Map,Template18,713,769,755,695,778,742.0,32.385181796618035,java.util.Map-Template18,239,238,1,1,239,238,243,242
java.util.Map,Template19,950,758,733,815,861,823.4,77.40956013309984,java.util.Map-Template19,265,259,0,10,265,264,265,264
java.util.Map,Template1,838,859,820,818,929,852.8,40.86759107165481,java.util.Map-Template1,440,439,0,0,440,439,440,439
java.util.Map,Template20,747,769,702,646,728,718.4,42.38207168131355,java.util.Map-Template20,42,35,15,27,97,96,89,88
java.util.Map,Template21,722,677,846,763,819,765.4,61.762771958518826,java.util.Map-Template21,67,63,19,25,121,120,108,107
java.util.Map,Template2,810,668,680,918,729,761.0,93.04192603337486,java.util.Map-Template2,55,48,16,28,109,108,89,88
java.util.Map,Template3,804,690,767,760,648,733.8,56.5628853578033,java.util.Map-Template3,172,171,0,0,172,171,172,171
java.util.Map,Template4,698,689,791,717,770,733.0,40.3732584763727,java.util.Map-Template4,222,220,6,8,232,231,283,282
java.util.Map,Template5,633,748,657,639,671,669.6,41.43235450707574,java.util.Map-Template5,121,119,1,3,121,120,130,129
java.util.Map,Template6,677,713,882,800,713,757.0,74.4929526868146,java.util.Map-Template6,348,338,3,21,353,352,353,352
java.util.Map,Template7,679,737,842,777,741,755.2,53.57014093690626,java.util.Map-Template7,222,219,4,6,230,229,242,241
java.util.Map,Template8,666,669,743,711,682,694.2,29.130053209700804,java.util.Map-Template8,263,262,0,0,263,262,263,262
java.util.Map,Template9,662,634,647,673,693,661.8,20.448960853794013,java.util.Map-Template9,198,197,0,0,198,197,198,197
java.util.Properties,Template1,748,791,745,789,863,787.2,42.616428756994644,java.util.Properties-Template1,531,530,6,6,537,536,537,536
java.util.Properties,Template2,671,910,1031,879,905,879.2,116.6231537903173,java.util.Properties-Template2,61,60,0,0,61,60,61,60
java.util.Properties,Template3,1068,1013,790,745,893,901.8,124.21819512454687,java.util.Properties-Template3,381,370,10,30,399,398,395,394
java.util.Properties,Template4,687,766,701,642,684,696.0,40.16466108409232,java.util.Properties-Template4,155,154,1,1,156,155,156,155
java.util.Properties,Template5,681,685,677,676,689,681.6,4.882622246293481,java.util.Properties-Template5,61,54,18,27,189,188,142,141
java.util.Properties,Template6,671,659,730,721,689,694.0,27.5826032128949,java.util.Properties-Template6,287,286,2,2,289,288,389,388
java.util.Properties,Template7,732,680,748,719,710,717.8,22.824548188299367,java.util.Properties-Template7,275,271,2,8,278,277,278,277
java.util.Properties,Template8,713,769,778,775,895,786.0,59.47100133678598,java.util.Properties-Template8,358,357,4,4,416,415,360,359
java.util.Properties,Template9,774,726,804,735,755,758.8,28.03854489805061,java.util.Properties-Template9,471,464,13,23,502,501,518,517
java.util.Set,Template1,635,653,698,699,648,666.6,26.702808841018953,java.util.Set-Template1,38,37,9,9,84,83,102,101
java.util.Set,Template2,635,652,628,660,670,649.0,15.543487382180357,java.util.Set-Template2,170,166,11,17,179,178,267,266
java.util.Set,Template3,677,967,897,788,818,829.4,98.56287333474,java.util.Set-Template3,78,74,15,20,112,111,138,137
javax.jms.JMSException,Template1,757,818,743,723,769,762.0,31.91238004286111,javax.jms.JMSException-Template1,100,99,1,1,100,99,101,100
javax.jms.JMSException,Template2,810,839,823,846,768,817.2,27.60724542579357,javax.jms.JMSException-Template2,120,112,3,14,141,140,143,142
javax.jms.JMSException,Template3,777,782,783,832,868,808.4,35.8809141466602,javax.jms.JMSException-Template3,246,245,2,2,268,267,246,245
javax.jms.JMSException,Template4,828,766,780,807,836,803.4,26.93399339125188,javax.jms.JMSException-Template4,72,71,4,4,74,73,100,99
javax.jms.MessageConsumer,Template10,896,940,978,755,824,878.6,80.26356583157765,javax.jms.MessageConsumer-Template10,339,336,3,7,339,338,384,383
javax.jms.MessageConsumer,Template11,752,771,715,771,915,784.8,68.23606084761927,javax.jms.MessageConsumer-Template11,428,427,0,0,428,427,428,427
javax.jms.MessageConsumer,Template12,756,715,742,775,754,748.4,19.76461484572872,javax.jms.MessageConsumer-Template12,192,191,1,1,192,191,216,215
javax.jms.MessageConsumer,Template13,771,793,782,821,944,822.2,63.12970774524463,javax.jms.MessageConsumer-Template13,423,412,15,35,455,454,458,457
javax.jms.MessageConsumer,Template1,992,869,851,880,936,905.6,51.70145065663051,javax.jms.MessageConsumer-Template1,281,274,16,28,376,375,318,317
javax.jms.MessageConsumer,Template2,950,738,718,752,803,792.2,83.75774591045295,javax.jms.MessageConsumer-Template2,388,387,8,8,400,399,440,439
javax.jms.MessageConsumer,Template3,765,912,868,781,792,823.6,56.627201943942104,javax.jms.MessageConsumer-Template3,500,484,13,38,547,546,606,605
javax.jms.MessageConsumer,Template5,891,796,833,1023,858,880.2,77.8701483239887,javax.jms.MessageConsumer-Template5,444,441,15,19,525,524,560,559
javax.jms.MessageConsumer,Template6,703,694,773,698,694,712.4,30.48015747990814,javax.jms.MessageConsumer-Template6,330,329,0,0,330,329,330,329
javax.jms.MessageConsumer,Template8,695,707,734,720,740,719.2,16.654128617252837,javax.jms.MessageConsumer-Template8,379,378,4,4,404,403,382,381
javax.jms.MessageConsumer,Template9,753,702,709,720,671,711.0,26.570660511172846,javax.jms.MessageConsumer-Template9,291,290,1,1,312,311,291,290
javax.jms.MessageProducer,Template1,661,664,699,688,658,674.0,16.407315441594946,javax.jms.MessageProducer-Template1,198,197,1,1,198,197,232,231
javax.jms.MessageProducer,Template2,765,723,720,736,751,739.0,17.00588133558505,javax.jms.MessageProducer-Template2,481,480,0,0,481,480,481,480
javax.jms.MessageProducer,Template3,760,1052,831,797,803,848.6,104.18560361201543,javax.jms.MessageProducer-Template3,225,224,0,0,225,224,225,224
javax.jms.MessageProducer,Template4,852,905,865,1002,883,901.4,53.3614092767423,javax.jms.MessageProducer-Template4,398,397,4,4,440,439,400,399
javax.jms.TextMessage,Template1,744,748,749,804,775,764.0,22.812277396174192,javax.jms.TextMessage-Template1,160,155,7,15,172,171,229,228
javax.jms.TextMessage,Template2,815,818,831,808,874,829.2,23.608473055240147,javax.jms.TextMessage-Template2,493,491,6,7,505,504,507,506
javax.jms.TextMessage,Template3,739,724,746,756,661,725.2,33.74848144731848,javax.jms.TextMessage-Template3,214,213,0,0,214,213,214,213
javax.jms.TextMessage,Template4,789,728,723,705,718,732.6,29.2205407205274,javax.jms.TextMessage-Template4,192,191,1,1,192,191,216,215
javax.jms.TextMessage,Template5,704,709,658,844,985,780.0,119.85157487492603,javax.jms.TextMessage-Template5,106,104,7,9,111,110,141,140
javax.jms.TextMessage,Template6,862,712,902,727,773,795.2,74.7459697910195,javax.jms.TextMessage-Template6,179,178,3,3,208,207,182,181
javax.naming.Context,Template1,764,832,964,767,710,807.4,87.32834591356921,javax.naming.Context-Template1,335,331,3,9,335,334,384,383
javax.naming.Context,Template2,675,846,724,702,728,735.0,58.61740355901138,javax.naming.Context-Template2,277,276,1,1,277,276,292,291
javax.ws.rs.core.MediaType,Template10,651,778,705,679,615,685.6,55.02581212485646,javax.ws.rs.core.MediaType-Template10,50,49,4,4,55,54,55,54
javax.ws.rs.core.MediaType,Template1,680,677,661,696,651,673.0,15.633297796690243,javax.ws.rs.core.MediaType-Template1,189,187,5,7,194,193,239,238
javax.ws.rs.core.MediaType,Template2,632,651,717,661,658,663.8,28.449253065766065,javax.ws.rs.core.MediaType-Template2,56,48,9,22,69,68,82,81
javax.ws.rs.core.MediaType,Template3,674,769,707,735,670,711.0,37.43260610751007,javax.ws.rs.core.MediaType-Template3,234,233,1,1,235,234,235,234
javax.ws.rs.core.MediaType,Template4,807,835,737,637,632,729.6,83.9704710002272,javax.ws.rs.core.MediaType-Template4,157,156,0,0,157,156,157,156
javax.ws.rs.core.MediaType,Template5,634,703,629,675,641,656.4,28.309715646752796,javax.ws.rs.core.MediaType-Template5,143,142,0,0,143,142,143,142
javax.ws.rs.core.MediaType,Template6,665,725,667,693,786,707.2,44.99955555336074,javax.ws.rs.core.MediaType-Template6,189,187,5,7,194,193,239,238
javax.ws.rs.core.MediaType,Template7,871,731,621,638,621,696.4,96.39834023467417,javax.ws.rs.core.MediaType-Template7,74,73,2,2,77,76,77,76
javax.ws.rs.core.MediaType,Template8,627,752,684,673,669,681.0,40.43266006584281,javax.ws.rs.core.MediaType-Template8,75,74,5,5,84,83,84,83
javax.ws.rs.core.MediaType,Template9,704,642,635,679,662,664.4,25.11254666496411,javax.ws.rs.core.MediaType-Template9,49,48,5,5,57,56,62,61
javax.ws.rs.core.Response,Template10,629,647,670,695,698,667.8,26.813429471069156,javax.ws.rs.core.Response-Template10,85,84,3,3,144,143,85,84
javax.ws.rs.core.Response,Template11,716,703,712,953,753,767.4,94.35380225512907,javax.ws.rs.core.Response-Template11,183,182,3,3,186,185,186,185
javax.ws.rs.core.Response,Template1,777,869,793,764,739,788.4,44.00727212632021,javax.ws.rs.core.Response-Template1,631,622,0,16,631,630,631,630
javax.ws.rs.core.Response,Template2,781,753,642,638,686,700.0,57.92063535563125,javax.ws.rs.core.Response-Template2,158,153,12,20,186,185,195,194
javax.ws.rs.core.Response,Template3,663,710,638,677,650,667.6,24.87247474619283,javax.ws.rs.core.Response-Template3,188,187,7,7,195,194,195,194
javax.ws.rs.core.Response,Template4,704,707,695,697,699,700.4,4.454211490264018,javax.ws.rs.core.Response-Template4,398,397,0,0,398,397,398,397
javax.ws.rs.core.Response,Template5,687,662,670,679,671,673.8,8.518215775618742,javax.ws.rs.core.Response-Template5,98,94,8,13,122,121,113,112
javax.ws.rs.core.Response,Template6,666,668,680,642,644,660.0,14.696938456699069,javax.ws.rs.core.Response-Template6,104,100,11,17,116,115,233,232
javax.ws.rs.core.Response,Template7,708,815,671,672,694,712.0,53.34791467339656,javax.ws.rs.core.Response-Template7,174,173,1,1,174,173,214,213
javax.ws.rs.core.Response,Template8,700,730,664,814,821,745.8,62.200964622745204,javax.ws.rs.core.Response-Template8,178,177,3,3,180,179,193,192
javax.ws.rs.core.Response,Template9,660,674,929,716,739,743.6,96.94245715887338,javax.ws.rs.core.Response-Template9,183,181,4,6,186,185,197,196
javax.ws.rs.core.UriBuilder,Template1,826,752,807,926,787,819.6,58.57166550474726,javax.ws.rs.core.UriBuilder-Template1,117,116,5,5,122,121,122,121
javax.ws.rs.core.UriBuilder,Template2,856,1253,943,811,821,936.8,164.79368919955644,javax.ws.rs.core.UriBuilder-Template2,439,434,2,10,440,439,440,439
javax.ws.rs.core.UriBuilder,Template3,817,834,832,843,890,843.2,24.846730167166864,javax.ws.rs.core.UriBuilder-Template3,392,385,0,12,392,391,392,391
junit.framework.Assert,Template10,804,719,785,902,889,819.8,68.06878873610137,junit.framework.Assert-Template10,98,91,10,21,128,127,113,112
junit.framework.Assert,Template11,863,980,846,794,717,840.0,86.49855490122364,junit.framework.Assert-Template11,68,67,1,1,68,67,81,80
junit.framework.Assert,Template12,660,677,694,647,668,669.2,15.84171707865028,junit.framework.Assert-Template12,99,91,3,10,109,108,120,119
junit.framework.Assert,Template13,626,647,626,662,657,643.6,15.16047492659778,junit.framework.Assert-Template13,71,67,6,12,83,82,75,74
junit.framework.Assert,Template1,627,619,666,637,617,633.2,17.848249213858484,junit.framework.Assert-Template1,87,85,2,3,89,88,89,88
junit.framework.Assert,Template2,713,616,629,626,629,642.6,35.522387307161665,junit.framework.Assert-Template2,98,97,3,3,102,101,106,105
junit.framework.Assert,Template3,657,691,677,724,684,686.6,21.877842672439165,junit.framework.Assert-Template3,223,216,8,20,262,261,244,243
junit.framework.Assert,Template4,658,649,667,667,666,661.4,7.059745037889115,junit.framework.Assert-Template4,63,61,2,4,64,63,85,84
junit.framework.Assert,Template5,878,765,666,692,656,731.4,82.62590392848963,junit.framework.Assert-Template5,123,118,3,11,167,166,124,123
junit.framework.Assert,Template6,627,677,634,696,790,684.8,58.60853180211905,junit.framework.Assert-Template6,62,58,15,21,94,93,181,180
junit.framework.Assert,Template7,1106,819,1033,1028,885,974.2,105.60946927240947,junit.framework.Assert-Template7,122,120,5,7,158,157,125,124
junit.framework.Assert,Template8,940,945,915,857,864,904.2,37.16665171898055,junit.framework.Assert-Template8,54,49,16,24,95,94,179,178
junit.framework.Assert,Template9,833,897,832,930,849,868.2,38.90192797278819,junit.framework.Assert-Template9,61,59,1,2,65,64,67,66
org.andengine.engine.camera.Camera,Template1,865,925,906,906,999,920.2,44.00636317624986,org.andengine.engine.camera.Camera-Template1,82,72,5,23,87,86,103,102
org.apache.catalina.connector.Response,Template1,1024,876,802,795,755,850.4,95.18949521874774,org.apache.catalina.connector.Response-Template1,98,94,8,13,122,121,113,112
org.apache.catalina.connector.Response,Template2,928,996,876,757,758,863.0,94.17430647474926,org.apache.catalina.connector.Response-Template2,178,177,3,3,180,179,193,192
org.apache.catalina.connector.Response,Template3,786,675,751,769,698,735.8,42.37640853116271,org.apache.catalina.connector.Response-Template3,85,84,3,3,144,143,85,84
org.apache.catalina.connector.Response,Template4,674,685,632,646,687,664.8,21.97635092548351,org.apache.catalina.connector.Response-Template4,79,72,22,34,151,150,164,163
org.apache.catalina.connector.Response,Template5,690,885,804,927,947,850.6,94.10334744311702,org.apache.catalina.connector.Response-Template5,183,181,4,6,186,185,197,196
org.apache.hadoop.fs.FileSystem,Template1,821,660,797,1037,771,817.2,122.94779379883154,org.apache.hadoop.fs.FileSystem-Template1,105,98,9,21,118,117,139,138
org.apache.hadoop.fs.FileSystem,Template2,903,1128,1032,1084,892,1007.8,95.11340599515928,org.apache.hadoop.fs.FileSystem-Template2,628,612,6,36,639,638,639,638
org.apache.hadoop.fs.Path,Template1,692,682,645,656,684,671.8,18.048822676285564,org.apache.hadoop.fs.Path-Template1,118,117,0,0,118,117,118,117
org.apache.hadoop.fs.Path,Template2,852,795,717,761,769,778.8,44.390990076816266,org.apache.hadoop.fs.Path-Template2,158,148,7,25,186,185,210,209
org.apache.hadoop.fs.Path,Template3,814,823,756,691,681,753.0,59.42726646918904,org.apache.hadoop.fs.Path-Template3,177,161,4,34,183,182,210,209
org.apache.hadoop.fs.Path,Template4,904,732,665,659,761,744.2,88.88059405742065,org.apache.hadoop.fs.Path-Template4,83,82,0,0,83,82,83,82
org.apache.hadoop.fs.Path,Template5,774,698,755,722,705,730.8,29.226015807838056,org.apache.hadoop.fs.Path-Template5,226,215,9,29,288,287,319,318
org.apache.hadoop.fs.Path,Template6,641,750,697,649,641,675.6,42.650205157771516,org.apache.hadoop.fs.Path-Template6,131,124,4,16,167,166,156,155
org.apache.hadoop.fs.Path,Template7,699,698,674,693,692,691.2,9.019977827023745,org.apache.hadoop.fs.Path-Template7,266,265,0,0,266,265,266,265
org.apache.hadoop.io.Text,Template10,710,757,690,776,885,763.6,68.15453029696559,org.apache.hadoop.io.Text-Template10,224,223,0,0,224,223,224,223
org.apache.hadoop.io.Text,Template1,743,687,726,778,722,731.2,29.64725956981522,org.apache.hadoop.io.Text-Template1,392,384,0,14,392,391,392,391
org.apache.hadoop.io.Text,Template2,758,808,821,736,716,767.8,40.58768286069063,org.apache.hadoop.io.Text-Template2,382,381,0,0,382,381,382,381
org.apache.hadoop.io.Text,Template4,711,775,725,715,697,724.6,26.75518641310503,org.apache.hadoop.io.Text-Template4,423,422,0,0,423,422,423,422
org.apache.hadoop.io.Text,Template5,782,778,681,705,748,738.8,39.92693326565415,org.apache.hadoop.io.Text-Template5,246,239,14,26,267,266,271,270
org.apache.hadoop.io.Text,Template6,660,666,655,657,664,660.4,4.127953488110059,org.apache.hadoop.io.Text-Template6,301,300,0,0,301,300,301,300
org.apache.hadoop.io.Text,Template7,707,617,664,634,711,666.6,37.77088826066975,org.apache.hadoop.io.Text-Template7,123,122,0,0,123,122,123,122
org.apache.hadoop.io.Text,Template8,669,735,664,663,690,684.2,27.21323207559146,org.apache.hadoop.io.Text-Template8,319,313,0,10,319,318,319,318
org.apache.hadoop.io.Text,Template9,713,845,694,688,1375,863.0,262.356246352169,org.apache.hadoop.io.Text-Template9,166,165,0,0,166,165,166,165
org.apache.mahout.math.DenseVector,Template1,981,770,723,742,707,784.6,100.41633333278008,org.apache.mahout.math.DenseVector-Template1,237,236,2,2,278,277,239,238
org.apache.mahout.math.DenseVector,Template2,671,770,656,749,745,718.2,45.709517608480624,org.apache.mahout.math.DenseVector-Template2,204,203,2,2,226,225,217,216
org.apache.mahout.math.DenseVector,Template3,756,687,744,808,761,751.2,38.77834447214064,org.apache.mahout.math.DenseVector-Template3,237,236,2,2,239,238,239,238
org.apache.mahout.math.DenseVector,Template4,880,1225,794,720,724,868.6,187.460502506528,org.apache.mahout.math.DenseVector-Template4,303,296,7,19,325,324,344,343
org.restlet.data.Form,Template1,805,830,1051,714,687,817.4,128.5124118519297,org.restlet.data.Form-Template1,172,171,0,0,172,171,172,171
org.restlet.data.Form,Template2,689,696,680,641,649,671.0,21.97271034715563,org.restlet.data.Form-Template2,102,101,0,0,102,101,102,101
org.restlet.data.Form,Template3,679,709,690,680,724,696.4,17.511139311878026,org.restlet.data.Form-Template3,246,245,0,0,246,245,246,245
org.restlet.data.MediaType,Template1,623,658,623,667,661,646.4,19.32459572668986,org.restlet.data.MediaType-Template1,74,73,4,4,82,81,82,81
org.restlet.data.MediaType,Template2,725,728,806,737,697,738.6,36.257964642268604,org.restlet.data.MediaType-Template2,290,289,1,1,290,289,299,298
org.restlet.data.MediaType,Template3,679,639,654,663,691,665.2,18.29098138427788,org.restlet.data.MediaType-Template3,157,156,0,0,157,156,157,156
org.restlet.data.MediaType,Template4,662,652,701,670,652,667.4,18.10635247641004,org.restlet.data.MediaType-Template4,143,142,0,0,143,142,143,142
org.restlet.data.Protocol,Template1,633,673,659,631,656,650.4,16.094719630984567,org.restlet.data.Protocol-Template1,108,105,4,6,115,114,115,114
org.restlet.data.Protocol,Template2,702,696,700,660,674,686.4,16.56019323558756,org.restlet.data.Protocol-Template2,133,130,2,6,146,145,136,135
org.restlet.data.Protocol,Template3,652,688,732,639,639,670.0,35.81619745310772,org.restlet.data.Protocol-Template3,89,88,0,0,89,88,89,88
org.restlet.data.Protocol,Template4,656,677,648,681,690,670.4,15.806327846783388,org.restlet.data.Protocol-Template4,114,113,0,0,114,113,114,113
org.restlet.data.Protocol,Template5,661,679,660,678,664,668.4,8.357032966310472,org.restlet.data.Protocol-Template5,138,137,0,0,138,137,138,137
org.restlet.data.Protocol,Template6,703,660,636,651,672,664.4,22.597344976788758,org.restlet.data.Protocol-Template6,74,72,3,5,76,75,80,79
org.restlet.data.Status,Template1,697,715,719,667,667,693.0,22.485550916088314,org.restlet.data.Status-Template1,172,171,0,0,172,171,172,171
org.restlet.data.Status,Template2,663,648,665,657,681,662.8,10.851727973000429,org.restlet.data.Status-Template2,122,121,0,0,122,121,122,121
org.restlet.data.Status,Template3,712,702,747,778,752,738.2,27.74454901417574,org.restlet.data.Status-Template3,289,282,0,12,289,288,289,288
org.restlet.data.Status,Template4,747,692,656,1143,787,805.0,174.8725250003556,org.restlet.data.Status-Template4,44,39,10,18,78,77,81,80
org.restlet.data.Status,Template5,757,751,689,673,751,724.2,35.70098037869548,org.restlet.data.Status-Template5,143,142,0,0,143,142,143,142
org.restlet.representation.Representation,Template1,723,715,673,697,676,696.8,20.083824337013105,org.restlet.representation.Representation-Template1,143,142,0,0,143,142,143,142
org.restlet.representation.Representation,Template2,664,662,659,753,644,676.4,38.93892653887624,org.restlet.representation.Representation-Template2,39,33,12,21,68,67,81,80
org.restlet.representation.Representation,Template3,752,727,706,684,750,723.8,26.0491842482639,org.restlet.representation.Representation-Template3,289,282,0,12,289,288,289,288
org.restlet.representation.Representation,Template4,704,668,657,679,707,683.0,19.667231630303235,org.restlet.representation.Representation-Template4,201,200,0,0,201,200,201,200
org.restlet.resource.ClientResource,Template1,693,630,643,661,653,656.0,21.203773249117717,org.restlet.resource.ClientResource-Template1,73,72,2,2,75,74,75,74
org.restlet.resource.ClientResource,Template2,791,697,691,793,686,731.6,49.44330086068284,org.restlet.resource.ClientResource-Template2,239,238,1,1,243,242,239,238
org.restlet.resource.ClientResource,Template3,649,658,662,617,622,641.6,18.596773913773323,org.restlet.resource.ClientResource-Template3,81,80,0,0,81,80,81,80
org.restlet.resource.ClientResource,Template4,684,638,647,652,705,665.2,25.230140705116963,org.restlet.resource.ClientResource-Template4,124,123,1,1,124,123,148,147
org.restlet.resource.ClientResource,Template5,683,709,742,724,710,713.6,19.417517864031954,org.restlet.resource.ClientResource-Template5,85,79,8,16,110,109,174,173
org.restlet.resource.ClientResource,Template6,664,687,688,702,689,686.0,12.280065146407,org.restlet.resource.ClientResource-Template6,188,186,5,7,194,193,194,193
org.restlet.resource.ClientResource,Template7,661,627,634,667,649,647.6,15.278743403827423,org.restlet.resource.ClientResource-Template7,143,142,0,0,143,142,143,142
org.restlet.resource.ClientResource,Template8,700,675,809,799,890,774.6,78.20639360052348,org.restlet.resource.ClientResource-Template8,106,92,7,31,147,146,152,151
org.restlet.resource.ClientResource,Template9,885,882,853,745,926,858.2,61.192810035166715,org.restlet.resource.ClientResource-Template9,53,50,11,14,91,90,105,104
org.restlet.Server,Template1,1075,975,980,899,834,952.6,81.4532995034578,org.restlet.Server-Template1,214,213,1,1,278,277,214,213
org.restlet.Server,Template2,774,882,783,656,654,749.8,86.186773927326,org.restlet.Server-Template2,89,88,0,0,89,88,89,88
org.springframework.http.HttpMethod,Template1,655,657,743,810,806,734.2,68.13339856487418,org.springframework.http.HttpMethod-Template1,70,69,3,3,75,74,93,92
org.springframework.http.HttpMethod,Template2,804,767,866,747,657,768.2,68.79360435389324,org.springframework.http.HttpMethod-Template2,127,126,4,4,134,133,155,154
org.springframework.http.HttpMethod,Template3,687,634,826,865,845,771.4,92.90984877826463,org.springframework.http.HttpMethod-Template3,127,126,3,3,151,150,133,132
org.springframework.http.HttpMethod,Template4,769,682,635,778,794,731.6,62.027735731686995,org.springframework.http.HttpMethod-Template4,48,47,3,3,52,51,70,69
org.springframework.http.HttpMethod,Template5,828,749,843,689,902,802.2,74.7459697910195,org.springframework.http.HttpMethod-Template5,123,122,3,3,128,127,139,138
org.springframework.http.MediaType,Template1,856,737,756,618,762,745.8,76.05366526341778,org.springframework.http.MediaType-Template1,46,41,18,26,130,129,79,78
org.springframework.http.MediaType,Template2,698,804,629,842,641,722.8,85.91484155837104,org.springframework.http.MediaType-Template2,41,40,4,4,52,51,45,44
org.springframework.http.MediaType,Template3,811,814,646,720,733,744.8,62.748386433437474,org.springframework.http.MediaType-Template3,24,21,5,8,67,66,52,51
org.springframework.util.Assert,Template1,796,710,782,861,747,779.2,50.609880458266254,org.springframework.util.Assert-Template1,97,90,9,20,111,110,126,125
org.springframework.util.Assert,Template2,771,801,834,842,784,806.4,27.61593742750733,org.springframework.util.Assert-Template2,62,56,14,21,158,157,106,105
org.springframework.util.Assert,Template3,735,824,855,754,816,796.8,45.048418396210096,org.springframework.util.Assert-Template3,123,118,3,11,167,166,124,123
org.springframework.util.Assert,Template4,844,795,888,844,776,829.4,39.737136283330734,org.springframework.util.Assert-Template4,68,62,18,27,122,121,125,124
org.springframework.util.Assert,Template5,614,709,781,851,828,756.6,86.26146300637383,org.springframework.util.Assert-Template5,63,61,4,6,67,66,67,66
org.springframework.util.Assert,Template6,887,821,818,855,851,846.4,25.27924049491994,org.springframework.util.Assert-Template6,157,152,8,16,201,200,180,179
org.w3c.dom.Document,Template1,921,840,789,712,720,796.4,78.02717475341524,org.w3c.dom.Document-Template1,241,240,0,0,241,240,241,240
org.w3c.dom.Document,Template2,790,668,765,758,810,758.2,48.73766510615789,org.w3c.dom.Document-Template2,272,271,0,0,272,271,272,271
org.w3c.dom.Document,Template3,718,727,827,730,763,753.0,40.0149971885542,org.w3c.dom.Document-Template3,241,240,0,0,241,240,241,240
org.w3c.dom.Document,Template4,714,772,709,709,725,725.8,23.827714955488283,org.w3c.dom.Document-Template4,321,318,9,13,333,332,413,412
twitter4j.Status,Template1,790,740,737,736,715,743.6,24.84028985338134,twitter4j.Status-Template1,261,259,1,3,262,261,262,261
twitter4j.Status,Template2,797,688,675,697,664,704.2,47.738454101489296,twitter4j.Status-Template2,296,292,4,10,337,336,308,307
twitter4j.TwitterException,Template10,695,727,686,676,686,694.0,17.561321134812154,twitter4j.TwitterException-Template10,208,199,20,35,262,261,238,237
twitter4j.TwitterException,Template11,699,744,752,708,721,724.8,20.350921355064,twitter4j.TwitterException-Template11,272,266,13,23,284,283,299,298
twitter4j.TwitterException,Template12,719,718,767,702,693,719.8,25.560907652115954,twitter4j.TwitterException-Template12,221,213,16,28,275,274,307,306
twitter4j.TwitterException,Template13,700,758,685,695,713,710.2,25.54525396233124,twitter4j.TwitterException-Template13,174,171,11,15,262,261,260,259
twitter4j.TwitterException,Template14,658,681,705,715,767,705.2,36.684601674271995,twitter4j.TwitterException-Template14,235,223,16,38,273,272,306,305
twitter4j.TwitterException,Template15,802,796,795,787,769,789.8,11.443775600735973,twitter4j.TwitterException-Template15,360,359,0,0,360,359,360,359
twitter4j.TwitterException,Template1,801,715,749,739,730,746.8,29.3148426569204,twitter4j.TwitterException-Template1,306,301,7,15,349,348,311,310
twitter4j.TwitterException,Template2,703,697,687,702,771,712.0,30.039973368829738,twitter4j.TwitterException-Template2,142,137,6,13,300,299,150,149
twitter4j.TwitterException,Template3,761,695,689,692,730,713.4,28.047103237232896,twitter4j.TwitterException-Template3,229,216,8,32,246,245,249,248
twitter4j.TwitterException,Template4,890,838,861,815,848,850.4,24.87247474619283,twitter4j.TwitterException-Template4,251,242,16,32,275,274,284,283
twitter4j.TwitterException,Template5,690,652,657,673,652,664.8,14.770240350109402,twitter4j.TwitterException-Template5,237,234,5,9,250,249,264,263
twitter4j.TwitterException,Template6,663,689,711,674,690,685.4,16.255460620972883,twitter4j.TwitterException-Template6,142,140,4,6,150,149,184,183
twitter4j.TwitterException,Template7,695,694,744,692,751,715.2,26.483202223296182,twitter4j.TwitterException-Template7,210,192,20,54,262,261,320,319
twitter4j.TwitterException,Template8,792,875,783,782,774,801.2,37.33845203004538,twitter4j.TwitterException-Template8,415,403,1,23,416,415,416,415
twitter4j.TwitterException,Template9,710,675,659,692,654,678.0,20.813457185196313,twitter4j.TwitterException-Template9,247,227,12,49,310,309,297,296
twitter4j.Twitter,Template10,727,779,1211,938,864,903.8,169.68134841519856,twitter4j.Twitter-Template10,383,382,0,0,383,382,383,382
twitter4j.Twitter,Template11,749,724,939,1246,1029,937.4,192.17762616912512,twitter4j.Twitter-Template11,253,245,13,27,269,268,275,274
twitter4j.Twitter,Template12,1049,965,881,815,790,900.0,96.03332754830481,twitter4j.Twitter-Template12,415,403,1,23,416,415,416,415
twitter4j.Twitter,Template13,776,804,764,836,760,788.0,28.50964748992874,twitter4j.Twitter-Template13,247,244,13,17,275,274,337,336
twitter4j.Twitter,Template14,749,759,720,688,800,743.2,37.669085468059876,twitter4j.Twitter-Template14,260,259,0,0,260,259,260,259
twitter4j.Twitter,Template15,850,729,771,891,922,832.6,72.43369381717324,twitter4j.Twitter-Template15,399,393,0,10,399,398,399,398
twitter4j.Twitter,Template16,921,900,1055,1090,706,934.4,135.85668919858162,twitter4j.Twitter-Template16,218,214,21,27,238,237,330,329
twitter4j.Twitter,Template17,638,704,668,628,645,656.6,27.11162112452887,twitter4j.Twitter-Template17,146,142,2,5,150,149,157,156
twitter4j.Twitter,Template18,744,887,1227,780,756,878.8,181.28585162665067,twitter4j.Twitter-Template18,367,362,7,15,375,374,383,382
twitter4j.Twitter,Template19,713,691,685,807,705,720.2,44.51696305904076,twitter4j.Twitter-Template19,211,198,16,40,269,268,249,248
twitter4j.Twitter,Template1,742,927,795,730,691,777.0,82.04145293691477,twitter4j.Twitter-Template1,143,141,3,5,268,267,150,149
twitter4j.Twitter,Template20,854,980,1042,1023,737,927.2,115.48056113476414,twitter4j.Twitter-Template20,222,220,5,6,246,245,231,230
twitter4j.Twitter,Template2,822,703,763,757,700,749.0,44.9577579512146,twitter4j.Twitter-Template2,260,259,2,2,262,261,262,261
twitter4j.Twitter,Template3,1263,867,1009,939,936,1002.8,137.63487930027037,twitter4j.Twitter-Template3,417,411,13,23,439,438,534,533
twitter4j.Twitter,Template4,799,840,737,746,793,783.0,37.656340767525464,twitter4j.Twitter-Template4,227,226,5,5,233,232,246,245
twitter4j.Twitter,Template5,769,839,1028,735,821,838.4,101.74399245164307,twitter4j.Twitter-Template5,285,284,7,7,297,296,346,345
twitter4j.Twitter,Template6,1281,785,763,812,772,882.6,199.88456668787614,twitter4j.Twitter-Template6,305,304,2,2,307,306,307,306
twitter4j.Twitter,Template7,861,886,711,694,731,776.6,80.37064140592634,twitter4j.Twitter-Template7,308,307,1,1,310,309,310,309
twitter4j.Twitter,Template8,735,723,761,975,749,788.6,94.07571418809427,twitter4j.Twitter-Template8,272,266,13,23,299,298,284,283
twitter4j.Twitter,Template9,1309,778,788,803,759,887.4,211.2842634935219,twitter4j.Twitter-Template9,296,294,8,10,320,319,360,359
twitter4j.User,Template1,685,699,678,735,769,713.2,34.13151036798694,twitter4j.User-Template1,260,258,2,4,262,261,262,261
twitter4j.User,Template2,794,761,851,786,759,790.2,33.331066589594755,twitter4j.User-Template2,291,288,1,5,373,372,291,290
twitter4j.User,Template3,738,676,693,803,767,735.4,46.69304016660299,twitter4j.User-Template3,241,233,13,25,320,319,275,274
twitter4j.User,Template4,783,829,829,783,857,816.2,28.971710339570908,twitter4j.User-Template4,367,362,7,15,375,374,383,382
twitter4j.User,Template5,689,764,810,771,685,743.8,48.9710118335327,twitter4j.User-Template5,260,258,2,4,262,261,262,261
